encoder,decoder,dataset,seed,latency_ms_per_image,peak_memory_MB,total_params_M,trainable_params_M,flops_G,flops_source,n_warmup,n_timed,device_used,test_dice,test_iou
convnext,bat,busi,0,2.553,346.1,39.0,39.0,5.868,fvcore,5,20,cuda,0.8012704779120052,0.7111454080132877
convnext,bat,busi,1,2.555,346.1,39.0,39.0,5.868,fvcore,5,20,cuda,0.805101801367367,0.7184929707471062
convnext,bat,busi,2,2.544,346.1,39.0,39.0,5.868,fvcore,5,20,cuda,0.804006955202888,0.7071810995831209
convnext,bat,busi,3,2.55,346.1,39.0,39.0,5.868,fvcore,5,20,cuda,0.8116616992389455,0.7182734783957986
convnext,bat,busi,4,2.544,346.1,39.0,39.0,5.868,fvcore,5,20,cuda,0.802591415012584,0.70918488853118
convnext,bat,isic2018,0,2.835,346.1,39.0,39.0,5.868,fvcore,5,20,cuda,0.8864505676122812,0.8125989703031686
convnext,bat,isic2018,1,2.837,346.1,39.0,39.0,5.868,fvcore,5,20,cuda,0.887016288133768,0.8116639990072984
convnext,bat,isic2018,2,2.876,346.1,39.0,39.0,5.868,fvcore,5,20,cuda,0.8925972287471478,0.8201185657427861
convnext,bat,isic2018,3,2.823,346.1,39.0,39.0,5.868,fvcore,5,20,cuda,0.8923385821855985,0.8165446785780099
convnext,bat,isic2018,4,2.543,346.1,39.0,39.0,5.868,fvcore,5,20,cuda,0.8901544525073125,0.816825189957252
convnext,bat,polyp_kvasir,0,2.534,346.1,39.0,39.0,5.868,fvcore,5,20,cuda,0.8950486274865957,0.8288207971132718
convnext,bat,polyp_kvasir,1,2.542,346.1,39.0,39.0,5.868,fvcore,5,20,cuda,0.8928178182015052,0.8284432750481826
convnext,bat,polyp_kvasir,2,2.549,346.1,39.0,39.0,5.868,fvcore,5,20,cuda,0.897400425030635,0.8324755751169645
convnext,bat,polyp_kvasir,3,2.549,346.1,39.0,39.0,5.868,fvcore,5,20,cuda,0.8899928193825942,0.8247666037999667
convnext,bat,polyp_kvasir,4,2.535,346.1,39.0,39.0,5.868,fvcore,5,20,cuda,0.9004620038546048,0.8377074140768784
convnext,bat,tn3k,0,2.543,346.1,39.0,39.0,5.868,fvcore,5,20,cuda,0.8279316417582623,0.7423294395595402
convnext,bat,tn3k,1,2.533,346.1,39.0,39.0,5.868,fvcore,5,20,cuda,0.8217885122670756,0.7338620664237382
convnext,bat,tn3k,2,2.539,346.1,39.0,39.0,5.868,fvcore,5,20,cuda,0.8232010633914502,0.7366442672618023
convnext,bat,tn3k,3,2.9,346.1,39.0,39.0,5.868,fvcore,5,20,cuda,0.8256319134266346,0.7402805987890665
convnext,bat,tn3k,4,2.882,346.1,39.0,39.0,5.868,fvcore,5,20,cuda,0.8239983320236206,0.7391730337947994
convnext,boundformer,busi,0,5.2,377.12,28.25,28.25,5.98,fvcore,5,20,cuda,0.7099271556910347,0.5922327707795536
convnext,boundformer,busi,1,5.067,377.12,28.25,28.25,5.98,fvcore,5,20,cuda,0.7389626783483169,0.631688770125894
convnext,boundformer,busi,2,5.354,377.12,28.25,28.25,5.98,fvcore,5,20,cuda,0.7250601018176359,0.6159176370676827
convnext,boundformer,busi,3,5.097,377.12,28.25,28.25,5.98,fvcore,5,20,cuda,0.7530496365883771,0.6383340954780579
convnext,boundformer,busi,4,5.088,377.12,28.25,28.25,5.98,fvcore,5,20,cuda,0.6931730859419879,0.5803781002759933
convnext,boundformer,isic2018,0,5.077,377.12,28.25,28.25,5.98,fvcore,5,20,cuda,0.8639025596471933,0.775666566995474
convnext,boundformer,isic2018,1,6.368,377.12,28.25,28.25,5.98,fvcore,5,20,cuda,0.8598844390649062,0.7697934710062467
convnext,boundformer,isic2018,2,6.385,377.12,28.25,28.25,5.98,fvcore,5,20,cuda,0.8653360550220196,0.776564243206611
convnext,boundformer,isic2018,3,5.087,377.12,28.25,28.25,5.98,fvcore,5,20,cuda,0.8480603273098285,0.7549902031054864
convnext,boundformer,isic2018,4,5.038,377.12,28.25,28.25,5.98,fvcore,5,20,cuda,0.8543213184063251,0.7670283872347612
convnext,boundformer,polyp_kvasir,0,5.055,377.12,28.25,28.25,5.98,fvcore,5,20,cuda,0.8291714466535128,0.736246223633106
convnext,boundformer,polyp_kvasir,1,5.039,377.12,28.25,28.25,5.98,fvcore,5,20,cuda,0.8285140945361211,0.7419550327154306
convnext,boundformer,polyp_kvasir,2,5.028,377.12,28.25,28.25,5.98,fvcore,5,20,cuda,0.827307558976687,0.7410061680353605
convnext,boundformer,polyp_kvasir,3,5.054,377.12,28.25,28.25,5.98,fvcore,5,20,cuda,0.8256584910246042,0.7374681188510015
convnext,boundformer,polyp_kvasir,4,5.05,377.12,28.25,28.25,5.98,fvcore,5,20,cuda,0.8466171301328219,0.7610797515282264
convnext,boundformer,tn3k,0,5.086,377.12,28.25,28.25,5.98,fvcore,5,20,cuda,0.7813127799467607,0.6889764817504139
convnext,boundformer,tn3k,1,5.147,377.12,28.25,28.25,5.98,fvcore,5,20,cuda,0.7877732995268586,0.6962969051553057
convnext,boundformer,tn3k,2,4.973,377.12,28.25,28.25,5.98,fvcore,5,20,cuda,0.7679609145436969,0.67273513450251
convnext,boundformer,tn3k,3,5.081,377.12,28.25,28.25,5.98,fvcore,5,20,cuda,0.7771742305198273,0.6817049298967633
convnext,boundformer,tn3k,4,5.028,377.12,28.25,28.25,5.98,fvcore,5,20,cuda,0.7924862233075228,0.700046325658823
convnext,xboundformer,busi,0,6.923,608.59,55.498,55.498,9.723,fvcore,5,20,cuda,0.8094927563386805,0.7192085981369019
convnext,xboundformer,busi,1,6.838,608.59,55.498,55.498,9.723,fvcore,5,20,cuda,0.8056270795709947,0.7060878557317397
convnext,xboundformer,busi,2,6.983,608.59,55.498,55.498,9.723,fvcore,5,20,cuda,0.8105810845599455,0.7196640547584084
convnext,xboundformer,busi,3,8.093,608.59,55.498,55.498,9.723,fvcore,5,20,cuda,0.8023015926865971,0.7092942630543428
convnext,xboundformer,busi,4,6.938,608.59,55.498,55.498,9.723,fvcore,5,20,cuda,0.7948494062704199,0.6970727689125958
convnext,xboundformer,isic2018,0,8.139,608.59,55.498,55.498,9.723,fvcore,5,20,cuda,0.8901895660620469,0.8170959280087398
convnext,xboundformer,isic2018,1,6.95,608.59,55.498,55.498,9.723,fvcore,5,20,cuda,0.8928733697304359,0.8205282743160541
convnext,xboundformer,isic2018,2,6.899,608.59,55.498,55.498,9.723,fvcore,5,20,cuda,0.8896238033588116,0.8158671745887169
convnext,xboundformer,isic2018,3,6.819,608.59,55.498,55.498,9.723,fvcore,5,20,cuda,0.8921747391040509,0.8199657018368061
convnext,xboundformer,isic2018,4,6.82,608.59,55.498,55.498,9.723,fvcore,5,20,cuda,0.8945369858008164,0.8218485648815449
convnext,xboundformer,polyp_kvasir,0,6.858,608.59,55.498,55.498,9.723,fvcore,5,20,cuda,0.8944042600118197,0.8328790664672852
convnext,xboundformer,polyp_kvasir,1,6.959,608.59,55.498,55.498,9.723,fvcore,5,20,cuda,0.9009515001223638,0.8372479447951684
convnext,xboundformer,polyp_kvasir,2,8.122,608.59,55.498,55.498,9.723,fvcore,5,20,cuda,0.8986795269525968,0.8342375571911151
convnext,xboundformer,polyp_kvasir,3,8.504,608.59,55.498,55.498,9.723,fvcore,5,20,cuda,0.8972371403987591,0.8320581867144659
convnext,xboundformer,polyp_kvasir,4,8.201,608.59,55.498,55.498,9.723,fvcore,5,20,cuda,0.8980188828248244,0.831728077851809
convnext,xboundformer,tn3k,0,8.127,608.59,55.498,55.498,9.723,fvcore,5,20,cuda,0.8223916895977863,0.7383376383162165
convnext,xboundformer,tn3k,1,8.073,608.59,55.498,55.498,9.723,fvcore,5,20,cuda,0.8275114677169106,0.7421006506139581
convnext,xboundformer,tn3k,2,6.864,608.59,55.498,55.498,9.723,fvcore,5,20,cuda,0.8267829929079328,0.7415680645348189
convnext,xboundformer,tn3k,3,6.833,608.59,55.498,55.498,9.723,fvcore,5,20,cuda,0.8281913283583405,0.7446208294335898
convnext,xboundformer,tn3k,4,6.859,608.59,55.498,55.498,9.723,fvcore,5,20,cuda,0.8278018917356219,0.7410039390836444
pvt,bat,busi,0,4.503,304.22,32.632,32.632,5.334,fvcore,5,20,cuda,0.8170178287169513,0.7260799618328319
pvt,bat,busi,1,4.433,304.22,32.632,32.632,5.334,fvcore,5,20,cuda,0.8060996918117299,0.7130471327725578
pvt,bat,busi,2,4.529,304.22,32.632,32.632,5.334,fvcore,5,20,cuda,0.8130594667266396,0.7183712440378526
pvt,bat,busi,3,4.565,304.22,32.632,32.632,5.334,fvcore,5,20,cuda,0.8037688276346993,0.7046483088942135
pvt,bat,busi,4,4.416,304.22,32.632,32.632,5.334,fvcore,5,20,cuda,0.8034938293344834,0.7079059937421013
pvt,bat,isic2018,0,4.971,304.22,32.632,32.632,5.334,fvcore,5,20,cuda,0.895108960225032,0.8217425529773419
pvt,bat,isic2018,1,4.446,304.22,32.632,32.632,5.334,fvcore,5,20,cuda,0.8964285318668072,0.825209680887369
pvt,bat,isic2018,2,4.479,304.22,32.632,32.632,5.334,fvcore,5,20,cuda,0.8945940687106206,0.8218300590148339
pvt,bat,isic2018,3,4.58,304.22,32.632,32.632,5.334,fvcore,5,20,cuda,0.8878533500891466,0.8141409195386446
pvt,bat,isic2018,4,4.424,304.22,32.632,32.632,5.334,fvcore,5,20,cuda,0.8942113674603975,0.8218787578436044
pvt,bat,polyp_kvasir,0,4.443,304.22,32.632,32.632,5.334,fvcore,5,20,cuda,0.905319135922652,0.846496962583982
pvt,bat,polyp_kvasir,1,4.447,304.22,32.632,32.632,5.334,fvcore,5,20,cuda,0.902995242522313,0.8428490161895752
pvt,bat,polyp_kvasir,2,4.416,304.22,32.632,32.632,5.334,fvcore,5,20,cuda,0.9058517676133376,0.8480545053115258
pvt,bat,polyp_kvasir,3,4.446,304.22,32.632,32.632,5.334,fvcore,5,20,cuda,0.897008845439324,0.8331509782717779
pvt,bat,polyp_kvasir,4,4.435,304.22,32.632,32.632,5.334,fvcore,5,20,cuda,0.9038058244265043,0.842233786216149
pvt,bat,tn3k,0,4.494,304.22,32.632,32.632,5.334,fvcore,5,20,cuda,0.8286263989163684,0.742677272914292
pvt,bat,tn3k,1,4.449,304.22,32.632,32.632,5.334,fvcore,5,20,cuda,0.827460388858597,0.7400787968140143
pvt,bat,tn3k,2,4.458,304.22,32.632,32.632,5.334,fvcore,5,20,cuda,0.8376457265445164,0.7533589377031698
pvt,bat,tn3k,3,4.436,304.22,32.632,32.632,5.334,fvcore,5,20,cuda,0.8257584796323405,0.7402111783430174
pvt,bat,tn3k,4,4.443,304.22,32.632,32.632,5.334,fvcore,5,20,cuda,0.8336136333354107,0.7490125971955138
pvt,boundformer,busi,0,7.167,352.34,25.239,25.239,5.468,fvcore,5,20,cuda,0.714772014056935,0.6043685709728914
pvt,boundformer,busi,1,7.176,352.34,25.239,25.239,5.468,fvcore,5,20,cuda,0.7138038768487818,0.6007782396148232
pvt,boundformer,busi,2,7.079,352.34,25.239,25.239,5.468,fvcore,5,20,cuda,0.7089378693524528,0.594804329030654
pvt,boundformer,busi,3,7.136,352.34,25.239,25.239,5.468,fvcore,5,20,cuda,0.7523432338938993,0.6449953124803656
pvt,boundformer,busi,4,7.146,352.34,25.239,25.239,5.468,fvcore,5,20,cuda,0.7037824217010947,0.588027834892273
pvt,boundformer,isic2018,0,7.726,352.34,25.239,25.239,5.468,fvcore,5,20,cuda,0.8657478983585651,0.7775071217463567
pvt,boundformer,isic2018,1,7.237,352.34,25.239,25.239,5.468,fvcore,5,20,cuda,0.8556259815509503,0.7647463477574862
pvt,boundformer,isic2018,2,7.116,352.34,25.239,25.239,5.468,fvcore,5,20,cuda,0.8544914621573229,0.763002821115347
pvt,boundformer,isic2018,3,7.097,352.34,25.239,25.239,5.468,fvcore,5,20,cuda,0.8598309801175044,0.7724724384454581
pvt,boundformer,isic2018,4,7.159,352.34,25.239,25.239,5.468,fvcore,5,20,cuda,0.8658850642351004,0.7776887398499709
pvt,boundformer,polyp_kvasir,0,7.201,352.34,25.239,25.239,5.468,fvcore,5,20,cuda,0.8397735632382907,0.7501043952428378
pvt,boundformer,polyp_kvasir,1,7.331,352.34,25.239,25.239,5.468,fvcore,5,20,cuda,0.8333862515596243,0.7471991502321683
pvt,boundformer,polyp_kvasir,2,7.153,352.34,25.239,25.239,5.468,fvcore,5,20,cuda,0.8521224031081567,0.7662424353452829
pvt,boundformer,polyp_kvasir,3,7.179,352.34,25.239,25.239,5.468,fvcore,5,20,cuda,0.8344381084808936,0.7435737802432134
pvt,boundformer,polyp_kvasir,4,7.269,352.34,25.239,25.239,5.468,fvcore,5,20,cuda,0.8363769558759836,0.7502134763277494
pvt,boundformer,tn3k,0,7.281,352.34,25.239,25.239,5.468,fvcore,5,20,cuda,0.7786176568501956,0.6837126403659969
pvt,boundformer,tn3k,1,7.808,352.34,25.239,25.239,5.468,fvcore,5,20,cuda,0.7764154703586132,0.6800058468595728
pvt,boundformer,tn3k,2,7.379,352.34,25.239,25.239,5.468,fvcore,5,20,cuda,0.7842387123541399,0.6917341150246658
pvt,boundformer,tn3k,3,7.077,352.34,25.239,25.239,5.468,fvcore,5,20,cuda,0.7865078155096475,0.6926644498651678
pvt,boundformer,tn3k,4,7.166,352.34,25.239,25.239,5.468,fvcore,5,20,cuda,0.7862475622784008,0.6942429093571453
pvt,xboundformer,busi,0,9.017,580.99,52.371,52.371,9.196,fvcore,5,20,cuda,0.8107288725235883,0.7156002907192006
pvt,xboundformer,busi,1,8.863,580.99,52.371,52.371,9.196,fvcore,5,20,cuda,0.8130598839591531,0.7191550766720491
pvt,xboundformer,busi,2,8.929,580.99,52.371,52.371,9.196,fvcore,5,20,cuda,0.8019192464211408,0.7046484351158142
pvt,xboundformer,busi,3,8.979,580.99,52.371,52.371,9.196,fvcore,5,20,cuda,0.8056930093204274,0.7090224378249225
pvt,xboundformer,busi,4,8.8,580.99,52.371,52.371,9.196,fvcore,5,20,cuda,0.811085862271926,0.7167089300997117
pvt,xboundformer,isic2018,0,8.949,580.99,52.371,52.371,9.196,fvcore,5,20,cuda,0.8978392674372746,0.8274690059515146
pvt,xboundformer,isic2018,1,8.936,580.99,52.371,52.371,9.196,fvcore,5,20,cuda,0.894436356654534,0.8240689736146193
pvt,xboundformer,isic2018,2,8.937,580.99,52.371,52.371,9.196,fvcore,5,20,cuda,0.8952044211901151,0.8240844213045561
pvt,xboundformer,isic2018,3,8.995,580.99,52.371,52.371,9.196,fvcore,5,20,cuda,0.897708550783304,0.8272712331551771
pvt,xboundformer,isic2018,4,9.009,580.99,52.371,52.371,9.196,fvcore,5,20,cuda,0.8954216902072613,0.8242194221569942
pvt,xboundformer,polyp_kvasir,0,8.902,580.99,52.371,52.371,9.196,fvcore,5,20,cuda,0.9023406872382531,0.8392618115131671
pvt,xboundformer,polyp_kvasir,1,9.462,580.99,52.371,52.371,9.196,fvcore,5,20,cuda,0.9032233907626226,0.8443856927064749
pvt,xboundformer,polyp_kvasir,2,8.904,580.99,52.371,52.371,9.196,fvcore,5,20,cuda,0.8679016782687261,0.8016198231623723
pvt,xboundformer,polyp_kvasir,3,8.898,580.99,52.371,52.371,9.196,fvcore,5,20,cuda,0.9088034996619592,0.8496449177081769
pvt,xboundformer,polyp_kvasir,4,8.985,580.99,52.371,52.371,9.196,fvcore,5,20,cuda,0.8948073937342718,0.8260257794306829
pvt,xboundformer,tn3k,0,8.945,580.99,52.371,52.371,9.196,fvcore,5,20,cuda,0.8334185357217665,0.7456899409170274
pvt,xboundformer,tn3k,1,9.003,580.99,52.371,52.371,9.196,fvcore,5,20,cuda,0.8309528107766981,0.7424322227378944
pvt,xboundformer,tn3k,2,9.09,580.99,52.371,52.371,9.196,fvcore,5,20,cuda,0.8347587167442619,0.748831130467452
pvt,xboundformer,tn3k,3,8.883,580.99,52.371,52.371,9.196,fvcore,5,20,cuda,0.8319906182103343,0.7435135562698563
pvt,xboundformer,tn3k,4,8.971,580.99,52.371,52.371,9.196,fvcore,5,20,cuda,0.8348074090945257,0.7489539818330244
resnet,bat,busi,0,4.1,979.31,102.478,102.478,11.559,fvcore,5,20,cuda,0.7927404887535993,0.6981194965979632
resnet,bat,busi,1,4.1,979.31,102.478,102.478,11.559,fvcore,5,20,cuda,0.7883279008023879,0.6923981168690849
resnet,bat,busi,2,4.094,979.31,102.478,102.478,11.559,fvcore,5,20,cuda,0.7907924020991606,0.693913063582252
resnet,bat,busi,3,4.097,979.31,102.478,102.478,11.559,fvcore,5,20,cuda,0.787943093215718,0.6908522739129908
resnet,bat,busi,4,4.077,979.31,102.478,102.478,11.559,fvcore,5,20,cuda,0.7993768769152024,0.7020632589564604
resnet,bat,isic2018,0,4.092,979.31,102.478,102.478,11.559,fvcore,5,20,cuda,0.8817400336265564,0.8031280490068289
resnet,bat,isic2018,1,4.073,979.31,102.478,102.478,11.559,fvcore,5,20,cuda,0.889276606302995,0.8130223173361558
resnet,bat,isic2018,2,4.089,979.31,102.478,102.478,11.559,fvcore,5,20,cuda,0.8820535916548509,0.8044587703851553
resnet,bat,isic2018,3,4.103,979.31,102.478,102.478,11.559,fvcore,5,20,cuda,0.8861158636900095,0.8088626173826364
resnet,bat,isic2018,4,4.093,979.31,102.478,102.478,11.559,fvcore,5,20,cuda,0.8885490307441124,0.8134109313671406
resnet,bat,polyp_kvasir,0,4.109,979.31,102.478,102.478,11.559,fvcore,5,20,cuda,0.8736164982502277,0.801542722261869
resnet,bat,polyp_kvasir,1,4.105,979.31,102.478,102.478,11.559,fvcore,5,20,cuda,0.8782486090293298,0.8080249153650724
resnet,bat,polyp_kvasir,2,4.114,979.31,102.478,102.478,11.559,fvcore,5,20,cuda,0.869600364795098,0.7931958803763757
resnet,bat,polyp_kvasir,3,4.103,979.31,102.478,102.478,11.559,fvcore,5,20,cuda,0.8770986199378967,0.8079310747293326
resnet,bat,polyp_kvasir,4,4.095,979.31,102.478,102.478,11.559,fvcore,5,20,cuda,0.8807328159992511,0.8105980708048894
resnet,bat,tn3k,0,4.092,979.31,102.478,102.478,11.559,fvcore,5,20,cuda,0.7978848993004143,0.7021738670089028
resnet,bat,tn3k,1,4.092,979.31,102.478,102.478,11.559,fvcore,5,20,cuda,0.8013659545353481,0.7082728279101385
resnet,bat,tn3k,2,4.088,979.31,102.478,102.478,11.559,fvcore,5,20,cuda,0.8072880545219818,0.7125998209049176
resnet,bat,tn3k,3,4.095,979.31,102.478,102.478,11.559,fvcore,5,20,cuda,0.7995931181040677,0.7047419718333653
resnet,bat,tn3k,4,4.096,979.31,102.478,102.478,11.559,fvcore,5,20,cuda,0.7991998582691341,0.7050118128974716
resnet,boundformer,busi,0,5.314,352.45,24.175,24.175,5.588,fvcore,5,20,cuda,0.6999340513173271,0.5802398253889645
resnet,boundformer,busi,1,5.218,352.45,24.175,24.175,5.588,fvcore,5,20,cuda,0.6818450058207792,0.5716135659638573
resnet,boundformer,busi,2,5.241,352.45,24.175,24.175,5.588,fvcore,5,20,cuda,0.7024956450742834,0.5732492699342615
resnet,boundformer,busi,3,5.226,352.45,24.175,24.175,5.588,fvcore,5,20,cuda,0.6813984653528999,0.5512251503327313
resnet,boundformer,busi,4,5.244,352.45,24.175,24.175,5.588,fvcore,5,20,cuda,0.7013630200834835,0.5808073264711043
resnet,boundformer,isic2018,0,5.349,352.45,24.175,24.175,5.588,fvcore,5,20,cuda,0.8530730146628159,0.7606340454174922
resnet,boundformer,isic2018,1,5.217,352.45,24.175,24.175,5.588,fvcore,5,20,cuda,0.8570844668608445,0.7649787270105802
resnet,boundformer,isic2018,2,5.44,352.45,24.175,24.175,5.588,fvcore,5,20,cuda,0.8487107973832351,0.7557011063282306
resnet,boundformer,isic2018,3,5.339,352.45,24.175,24.175,5.588,fvcore,5,20,cuda,0.8477671384811402,0.7524875631699195
resnet,boundformer,isic2018,4,5.222,352.45,24.175,24.175,5.588,fvcore,5,20,cuda,0.848868844142327,0.7547876683565287
resnet,boundformer,polyp_kvasir,0,5.296,352.45,24.175,24.175,5.588,fvcore,5,20,cuda,0.8255340502812312,0.7309647615139301
resnet,boundformer,polyp_kvasir,1,5.265,352.45,24.175,24.175,5.588,fvcore,5,20,cuda,0.8239585665556101,0.7278817571126498
resnet,boundformer,polyp_kvasir,2,5.265,352.45,24.175,24.175,5.588,fvcore,5,20,cuda,0.8121724724769592,0.7159057122010452
resnet,boundformer,polyp_kvasir,3,5.232,352.45,24.175,24.175,5.588,fvcore,5,20,cuda,0.81407119677617,0.7191070180672866
resnet,boundformer,polyp_kvasir,4,5.315,352.45,24.175,24.175,5.588,fvcore,5,20,cuda,0.8142520464383639,0.7166137741162226
resnet,boundformer,tn3k,0,5.239,352.45,24.175,24.175,5.588,fvcore,5,20,cuda,0.7563762231306597,0.6546892910808711
resnet,boundformer,tn3k,1,5.246,352.45,24.175,24.175,5.588,fvcore,5,20,cuda,0.7508754436071817,0.648752136276914
resnet,boundformer,tn3k,2,5.229,352.45,24.175,24.175,5.588,fvcore,5,20,cuda,0.7690234284896356,0.6666315441781824
resnet,boundformer,tn3k,3,5.37,352.45,24.175,24.175,5.588,fvcore,5,20,cuda,0.7606490509850639,0.6579738313501532
resnet,boundformer,tn3k,4,5.253,352.45,24.175,24.175,5.588,fvcore,5,20,cuda,0.7645489225139865,0.6649367654478395
resnet,xboundformer,busi,0,7.096,585.41,52.058,52.058,9.42,fvcore,5,20,cuda,0.8076536760610693,0.7113873152171865
resnet,xboundformer,busi,1,7.092,585.41,52.058,52.058,9.42,fvcore,5,20,cuda,0.8013993782155654,0.7002134252997005
resnet,xboundformer,busi,2,7.283,585.41,52.058,52.058,9.42,fvcore,5,20,cuda,0.8130110782735488,0.7135993803248686
resnet,xboundformer,busi,3,7.712,585.41,52.058,52.058,9.42,fvcore,5,20,cuda,0.8093033152468064,0.7091067152864793
resnet,xboundformer,busi,4,7.152,585.41,52.058,52.058,9.42,fvcore,5,20,cuda,0.8025576507343966,0.6999311938005335
resnet,xboundformer,isic2018,0,7.117,585.41,52.058,52.058,9.42,fvcore,5,20,cuda,0.8871675023665795,0.8112609395614037
resnet,xboundformer,isic2018,1,7.067,585.41,52.058,52.058,9.42,fvcore,5,20,cuda,0.8863343486419091,0.81125217125966
resnet,xboundformer,isic2018,2,7.055,585.41,52.058,52.058,9.42,fvcore,5,20,cuda,0.8912323942551246,0.8169034939545852
resnet,xboundformer,isic2018,3,7.169,585.41,52.058,52.058,9.42,fvcore,5,20,cuda,0.8906125637201162,0.8160214671721825
resnet,xboundformer,isic2018,4,7.138,585.41,52.058,52.058,9.42,fvcore,5,20,cuda,0.888599587403811,0.8135222664246192
resnet,xboundformer,polyp_kvasir,0,7.012,585.41,52.058,52.058,9.42,fvcore,5,20,cuda,0.8794964551925659,0.8079107174506555
resnet,xboundformer,polyp_kvasir,1,7.089,585.41,52.058,52.058,9.42,fvcore,5,20,cuda,0.8741452418840848,0.8023538910425626
resnet,xboundformer,polyp_kvasir,2,7.092,585.41,52.058,52.058,9.42,fvcore,5,20,cuda,0.8791642051476699,0.8064352228091314
resnet,xboundformer,polyp_kvasir,3,7.063,585.41,52.058,52.058,9.42,fvcore,5,20,cuda,0.8872151787464435,0.8150191903114319
resnet,xboundformer,polyp_kvasir,4,7.228,585.41,52.058,52.058,9.42,fvcore,5,20,cuda,0.8802892978374774,0.8102094255960904
resnet,xboundformer,tn3k,0,7.146,585.41,52.058,52.058,9.42,fvcore,5,20,cuda,0.8018412117834215,0.7055353777749198
resnet,xboundformer,tn3k,1,7.182,585.41,52.058,52.058,9.42,fvcore,5,20,cuda,0.8007045937823011,0.7049669035069355
resnet,xboundformer,tn3k,2,7.104,585.41,52.058,52.058,9.42,fvcore,5,20,cuda,0.8017657492067907,0.7076595503014403
resnet,xboundformer,tn3k,3,7.015,585.41,52.058,52.058,9.42,fvcore,5,20,cuda,0.7986671909109339,0.7050660879581006
resnet,xboundformer,tn3k,4,7.256,585.41,52.058,52.058,9.42,fvcore,5,20,cuda,0.7990365864394547,0.7039614528804631
swin,bat,busi,0,4.018,351.57,38.7,38.7,6.754,fvcore,5,20,cuda,0.8040637408985811,0.7080932750421411
swin,bat,busi,1,4.116,351.57,38.7,38.7,6.754,fvcore,5,20,cuda,0.7940198253182804,0.698153068037594
swin,bat,busi,2,4.744,351.57,38.7,38.7,6.754,fvcore,5,20,cuda,0.7983261241632349,0.7010449311312508
swin,bat,busi,3,4.753,351.57,38.7,38.7,6.754,fvcore,5,20,cuda,0.8070942724452299,0.7134512733010685
swin,bat,busi,4,4.749,351.57,38.7,38.7,6.754,fvcore,5,20,cuda,0.8021943428937126,0.7068858707652372
swin,bat,isic2018,0,3.948,351.57,38.7,38.7,6.754,fvcore,5,20,cuda,0.891693730537708,0.8193265181321364
swin,bat,isic2018,1,3.959,351.57,38.7,38.7,6.754,fvcore,5,20,cuda,0.8926899203887353,0.8192190436216501
swin,bat,isic2018,2,4.013,351.57,38.7,38.7,6.754,fvcore,5,20,cuda,0.8882886895766625,0.8154876140447763
swin,bat,isic2018,3,4.107,351.57,38.7,38.7,6.754,fvcore,5,20,cuda,0.8934749768330501,0.8192958510839022
swin,bat,isic2018,4,4.066,351.57,38.7,38.7,6.754,fvcore,5,20,cuda,0.8909982993052556,0.8177124995451707
swin,bat,polyp_kvasir,0,3.964,351.57,38.7,38.7,6.754,fvcore,5,20,cuda,0.9017084836959839,0.8344381222358117
swin,bat,polyp_kvasir,1,3.929,351.57,38.7,38.7,6.754,fvcore,5,20,cuda,0.901500234237084,0.8391478703572199
swin,bat,polyp_kvasir,2,3.982,351.57,38.7,38.7,6.754,fvcore,5,20,cuda,0.8933757772812476,0.8305755395155686
swin,bat,polyp_kvasir,3,4.331,351.57,38.7,38.7,6.754,fvcore,5,20,cuda,0.8888976528094366,0.8222158459516672
swin,bat,polyp_kvasir,4,4.804,351.57,38.7,38.7,6.754,fvcore,5,20,cuda,0.896876756961529,0.832743227481842
swin,bat,tn3k,0,4.711,351.57,38.7,38.7,6.754,fvcore,5,20,cuda,0.8224362073006568,0.731371275790326
swin,bat,tn3k,1,4.745,351.57,38.7,38.7,6.754,fvcore,5,20,cuda,0.8190354882896721,0.7301381454839335
swin,bat,tn3k,2,4.069,351.57,38.7,38.7,6.754,fvcore,5,20,cuda,0.821701006455855,0.7306425091508147
swin,bat,tn3k,3,3.978,351.57,38.7,38.7,6.754,fvcore,5,20,cuda,0.8191069751590877,0.7281176896838398
swin,bat,tn3k,4,4.017,351.57,38.7,38.7,6.754,fvcore,5,20,cuda,0.8147307564685871,0.7239893984484982
swin,boundformer,busi,0,6.584,377.49,27.95,27.95,7.511,fvcore,5,20,cuda,0.7247100928250481,0.6175309437162736
swin,boundformer,busi,1,6.684,377.49,27.95,27.95,7.511,fvcore,5,20,cuda,0.7182937965673559,0.6088601718930637
swin,boundformer,busi,2,8.299,377.49,27.95,27.95,7.511,fvcore,5,20,cuda,0.7226110696792603,0.6121723423985874
swin,boundformer,busi,3,6.566,377.49,27.95,27.95,7.511,fvcore,5,20,cuda,0.6834955671254326,0.5700024418971118
swin,boundformer,busi,4,6.666,377.49,27.95,27.95,7.511,fvcore,5,20,cuda,0.6808834812220406,0.5661012039465063
swin,boundformer,isic2018,0,6.668,377.49,27.95,27.95,7.511,fvcore,5,20,cuda,0.8576312092634347,0.765078827051016
swin,boundformer,isic2018,1,8.129,377.49,27.95,27.95,7.511,fvcore,5,20,cuda,0.8517910306270305,0.7628227073412676
swin,boundformer,isic2018,2,6.601,377.49,27.95,27.95,7.511,fvcore,5,20,cuda,0.8523764060093806,0.7623580675858718
swin,boundformer,isic2018,3,6.532,377.49,27.95,27.95,7.511,fvcore,5,20,cuda,0.856138355915363,0.7665615421075087
swin,boundformer,isic2018,4,6.69,377.49,27.95,27.95,7.511,fvcore,5,20,cuda,0.8495343996928288,0.7614473402500153
swin,boundformer,polyp_kvasir,0,6.68,377.49,27.95,27.95,7.511,fvcore,5,20,cuda,0.8426851630210876,0.7589309949141282
swin,boundformer,polyp_kvasir,1,6.651,377.49,27.95,27.95,7.511,fvcore,5,20,cuda,0.8264677341167743,0.7371654968995315
swin,boundformer,polyp_kvasir,2,6.695,377.49,27.95,27.95,7.511,fvcore,5,20,cuda,0.834342163342696,0.7493213140047513
swin,boundformer,polyp_kvasir,3,6.64,377.49,27.95,27.95,7.511,fvcore,5,20,cuda,0.8349411120781531,0.7473521095055801
swin,boundformer,polyp_kvasir,4,6.68,377.49,27.95,27.95,7.511,fvcore,5,20,cuda,0.8380829508487995,0.7480701941710252
swin,boundformer,tn3k,0,6.604,377.49,27.95,27.95,7.511,fvcore,5,20,cuda,0.7613545981320468,0.6603869869337453
swin,boundformer,tn3k,1,6.592,377.49,27.95,27.95,7.511,fvcore,5,20,cuda,0.7639643178357707,0.6684201680994654
swin,boundformer,tn3k,2,6.755,377.49,27.95,27.95,7.511,fvcore,5,20,cuda,0.7576697190086563,0.6593807436429061
swin,boundformer,tn3k,3,6.715,377.49,27.95,27.95,7.511,fvcore,5,20,cuda,0.7643983201547102,0.664522310356041
swin,boundformer,tn3k,4,6.648,377.49,27.95,27.95,7.511,fvcore,5,20,cuda,0.7683877418567608,0.6691818156025626
swin,xboundformer,busi,0,8.385,607.85,55.197,55.197,11.253,fvcore,5,20,cuda,0.8042888255680308,0.7074421118287479
swin,xboundformer,busi,1,8.626,607.85,55.197,55.197,11.253,fvcore,5,20,cuda,0.803379707476672,0.7068026626811308
swin,xboundformer,busi,2,8.65,607.85,55.197,55.197,11.253,fvcore,5,20,cuda,0.8018607146599713,0.703768649521996
swin,xboundformer,busi,3,8.478,607.85,55.197,55.197,11.253,fvcore,5,20,cuda,0.8041368547607871,0.7084336911930758
swin,xboundformer,busi,4,8.544,607.85,55.197,55.197,11.253,fvcore,5,20,cuda,0.8024046982035917,0.7075881572330699
swin,xboundformer,isic2018,0,8.573,607.85,55.197,55.197,11.253,fvcore,5,20,cuda,0.8929996508818406,0.8236983216725863
swin,xboundformer,isic2018,1,8.56,607.85,55.197,55.197,11.253,fvcore,5,20,cuda,0.895384276830233,0.8241173735031715
swin,xboundformer,isic2018,2,9.266,607.85,55.197,55.197,11.253,fvcore,5,20,cuda,0.895002528337332,0.8237124598943271
swin,xboundformer,isic2018,3,10.037,607.85,55.197,55.197,11.253,fvcore,5,20,cuda,0.8968781728010912,0.8254169088143569
swin,xboundformer,isic2018,4,8.651,607.85,55.197,55.197,11.253,fvcore,5,20,cuda,0.8942800952838017,0.8231876538350031
swin,xboundformer,polyp_kvasir,0,9.908,607.85,55.197,55.197,11.253,fvcore,5,20,cuda,0.903260872914241,0.8391936696492709
swin,xboundformer,polyp_kvasir,1,9.982,607.85,55.197,55.197,11.253,fvcore,5,20,cuda,0.8982486908252423,0.8315943571237417
swin,xboundformer,polyp_kvasir,2,10.066,607.85,55.197,55.197,11.253,fvcore,5,20,cuda,0.8921225208502549,0.8266588587027329
swin,xboundformer,polyp_kvasir,3,9.754,607.85,55.197,55.197,11.253,fvcore,5,20,cuda,0.8823289550267733,0.8100166733448322
swin,xboundformer,polyp_kvasir,4,8.63,607.85,55.197,55.197,11.253,fvcore,5,20,cuda,0.898555691425617,0.8337481480378371
swin,xboundformer,tn3k,0,10.18,607.85,55.197,55.197,11.253,fvcore,5,20,cuda,0.8226376028804036,0.7350072055668025
swin,xboundformer,tn3k,1,8.583,607.85,55.197,55.197,11.253,fvcore,5,20,cuda,0.8209795324833362,0.7320786211397741
swin,xboundformer,tn3k,2,9.821,607.85,55.197,55.197,11.253,fvcore,5,20,cuda,0.8240590676084741,0.7355761976985188
swin,xboundformer,tn3k,3,8.601,607.85,55.197,55.197,11.253,fvcore,5,20,cuda,0.821273168960175,0.731914675080931
swin,xboundformer,tn3k,4,8.566,607.85,55.197,55.197,11.253,fvcore,5,20,cuda,0.8282015671977749,0.739265323459328
